name,team,position,sport,projected_points
Shohei Ohtani,LAD,DH,MLB,1066.700
Tarik Skubal,DET,SP,MLB,703.600
Garrett Crochet,BOS,SP,MLB,661.100
Paul Skenes,PIT,SP,MLB,657.050
Aaron Judge,NYY,OF,MLB,629.000
Juan Soto,NYM,OF,MLB,623.750
Logan Webb,SF,SP,MLB,623.450
Cristopher Sanchez,PHI,SP,MLB,617.000
Bryan Woo,SEA,SP,MLB,597.200
Bobby Witt Jr.,KC,SS,MLB,591.750
Hunter Brown,HOU,SP,MLB,579.900
Framber Valdez,DET,SP,MLB,575.700
Max Fried,NYY,SP,MLB,567.250
Jose Ramirez,CLE,3B,MLB,566.000
Dylan Cease,TOR,SP,MLB,564.150
Ronald Acuna Jr.,ATL,OF,MLB,561.000
Jesus Luzardo,PHI,SP,MLB,560.250
Hunter Greene,CIN,SP,MLB,550.700
Kyle Tucker,LAD,OF,MLB,547.250
Vladimir Guerrero Jr.,TOR,1B,MLB,546.250
Logan Gilbert,SEA,SP,MLB,545.450
Corbin Carroll,ARI,OF,MLB,542.750
Chris Sale,ATL,SP,MLB,541.650
Kevin Gausman,TOR,SP,MLB,540.300
Gunnar Henderson,BAL,SS,MLB,537.000
Kyle Schwarber,PHI,OF,MLB,537.000
Elly De La Cruz,CIN,SS,MLB,536.750
Sonny Gray,BOS,SP,MLB,536.650
George Kirby,SEA,SP,MLB,535.000
Fernando Tatis Jr.,SD,OF,MLB,532.000
Julio Rodriguez,SEA,OF,MLB,531.500
Joe Ryan,MIN,SP,MLB,530.800
Yoshinobu Yamamoto,LAD,SP,MLB,525.250
Jacob deGrom,TEX,SP,MLB,524.000
Nick Pivetta,SD,SP,MLB,523.700
Freddy Peralta,NYM,SP,MLB,521.100
Luis Castillo,SEA,SP,MLB,520.950
Cole Ragans,KC,SP,MLB,520.300
Tanner Bibee,CLE,SP,MLB,518.900
Zac Gallen,ARI,SP,MLB,511.000
Cal Raleigh,SEA,C,MLB,505.750
Brent Rooker,ATH,OF,MLB,502.500
Junior Caminero,TB,3B,MLB,501.500
Pete Alonso,BAL,1B,MLB,500.500
MacKenzie Gore,TEX,SP,MLB,497.750
Aaron Nola,PHI,SP,MLB,494.750
Jackson Chourio,MIL,OF,MLB,494.000
Bryce Harper,PHI,1B,MLB,493.500
Nathan Eovaldi,TEX,SP,MLB,493.150
Spencer Strider,ATL,SP,MLB,491.900
Ranger Suarez,BOS,SP,MLB,491.200
Matt Olson,ATL,1B,MLB,490.750
Robbie Ray,SF,SP,MLB,489.250
Rafael Devers,SF,1B,MLB,488.000
Ryan Pepiot,TB,SP,MLB,487.100
Francisco Lindor,NYM,SS,MLB,486.250
Freddie Freeman,LAD,1B,MLB,486.250
Nick Kurtz,ATH,1B,MLB,486.250
Ketel Marte,ARI,2B,MLB,486.000
Mookie Betts,LAD,SS,MLB,482.250
Gavin Williams,CLE,SP,MLB,481.550
Trea Turner,PHI,SS,MLB,480.000
Jack Flaherty,DET,SP,MLB,479.950
Merrill Kelly,ARI,SP,MLB,479.300
Pete Crow-Armstrong,CHC,OF,MLB,479.000
Sandy Alcantara,MIA,SP,MLB,478.850
Jose Soriano,LAA,SP,MLB,475.250
Zach Neto,LAA,SS,MLB,474.750
James Wood,WSH,OF,MLB,474.250
Michael King,SD,SP,MLB,473.950
Mitch Keller,PIT,SP,MLB,472.950
Yordan Alvarez,HOU,OF,MLB,472.500
Yusei Kikuchi,LAA,SP,MLB,472.450
Wyatt Langford,TEX,OF,MLB,471.500
Jazz Chisholm Jr.,NYY,2B,MLB,470.000
Zack Wheeler,PHI,SP,MLB,467.100
Geraldo Perdomo,ARI,SS,MLB,465.750
Maikel Garcia,KC,2B,MLB,463.000
Matthew Boyd,CHC,SP,MLB,461.750
Drew Rasmussen,TB,SP,MLB,460.450
Vinnie Pasquantino,KC,1B,MLB,459.750
Andrew Abbott,CIN,SP,MLB,459.600
Brady Singer,CIN,SP,MLB,459.400
Chris Bassitt,BAL,SP,MLB,458.300
Manny Machado,SD,3B,MLB,458.250
Riley Greene,DET,OF,MLB,456.250
Randy Arozarena,SEA,OF,MLB,455.500
Josh Naylor,SEA,1B,MLB,454.750
Willy Adames,SF,SS,MLB,454.750
Jarren Duran,BOS,OF,MLB,454.250
David Peterson,NYM,SP,MLB,454.200
Brandon Woodruff,MIL,SP,MLB,451.050
Blake Snell,LAD,SP,MLB,450.550
Brandon Pfaadt,ARI,SP,MLB,448.550
Austin Riley,ATL,3B,MLB,448.250
Brice Turang,MIL,2B,MLB,448.000
CJ Abrams,WSH,SS,MLB,446.500
Carlos Rodon,NYY,SP,MLB,446.250
Quinn Priester,MIL,SP,MLB,445.900
Seiya Suzuki,CHC,OF,MLB,445.750
George Springer,TOR,OF,MLB,445.250
Luis Severino,ATH,SP,MLB,444.800
Shota Imanaga,CHC,SP,MLB,444.150
Cody Bellinger,NYY,OF,MLB,444.000
Ian Happ,CHC,OF,MLB,443.500
Alex Bregman,CHC,3B,MLB,443.250
Taylor Ward,BAL,OF,MLB,442.750
Nick Lodolo,CIN,SP,MLB,442.650
Jeremy Pena,HOU,SS,MLB,440.000
Roman Anthony,BOS,OF,MLB,439.000
Michael Wacha,KC,SP,MLB,438.300
Nolan McLean,NYM,SP,MLB,437.200
Jackson Merrill,SD,OF,MLB,436.750
Steven Kwan,CLE,OF,MLB,436.000
Matt Chapman,SF,3B,MLB,435.750
Eugenio Suarez,CIN,3B,MLB,435.500
Yandy Diaz,TB,1B,MLB,435.500
Bo Bichette,NYM,SS,MLB,433.750
William Contreras,MIL,C,MLB,433.750
Gleyber Torres,DET,2B,MLB,433.250
Joe Musgrove,SD,SP,MLB,432.500
Jeffrey Springs,ATH,SP,MLB,431.400
Kyle Bradish,BAL,SP,MLB,431.150
Edwin Diaz,LAD,RP,MLB,430.600
Emmet Sheehan,LAD,SP,MLB,429.100
Tyler Glasnow,LAD,SP,MLB,427.150
Shane Smith,CWS,SP,MLB,427.000
Spencer Torkelson,DET,1B,MLB,426.750
Byron Buxton,MIN,OF,MLB,426.000
Jose Altuve,HOU,2B,MLB,426.000
Bailey Ober,MIN,SP,MLB,425.650
Ryne Nelson,ARI,SP,MLB,424.900
Cody Ponce,TOR,SP,MLB,424.500
Shane Baz,BAL,SP,MLB,422.500
Jacob Misiorowski,MIL,SP,MLB,422.300
Brandon Nimmo,TEX,OF,MLB,422.250
Jack Leiter,TEX,SP,MLB,422.000
Brayan Bello,BOS,SP,MLB,420.850
Christian Yelich,MIL,OF,MLB,420.750
Seth Lugo,KC,SP,MLB,420.600
Mason Miller,SD,RP,MLB,419.950
Corey Seager,TEX,SS,MLB,419.250
Nico Hoerner,CHC,2B,MLB,419.250
Dansby Swanson,CHC,SS,MLB,416.500
Ezequiel Tovar,COL,SS,MLB,416.250
Jurickson Profar,ATL,OF,MLB,416.250
Michael Busch,CHC,1B,MLB,416.000
Eury Perez,MIA,SP,MLB,415.750
Edward Cabrera,CHC,SP,MLB,415.650
Trey Yesavage,TOR,SP,MLB,414.000
Cade Smith,CLE,RP,MLB,413.200
Chase Burns,CIN,SP,MLB,412.650
Kris Bubic,KC,SP,MLB,412.300
Tyler Soderstrom,ATH,1B,MLB,411.250
Tatsuya Imai,HOU,SP,MLB,410.250
Bryan Reynolds,PIT,OF,MLB,410.000
Andy Pages,LAD,OF,MLB,409.750
Teoscar Hernandez,LAD,OF,MLB,409.750
Jakob Marsee,MIA,OF,MLB,409.500
Clay Holmes,NYM,SP,MLB,408.150
Trevor Story,BOS,SS,MLB,407.500
Michael Harris II,ATL,OF,MLB,406.500
Lawrence Butler,ATH,OF,MLB,405.000
Jo Adell,LAA,OF,MLB,404.750
Oneil Cruz,PIT,OF,MLB,403.500
Hunter Goodman,COL,C,MLB,403.000
Bryson Stott,PHI,2B,MLB,402.750
Reid Detmers,LAA,RP,MLB,402.150
Ozzie Albies,ATL,2B,MLB,401.750
Jameson Taillon,CHC,SP,MLB,400.850
Trevor Rogers,BAL,SP,MLB,399.950
Shea Langeliers,ATH,C,MLB,399.500
Bryce Miller,SEA,SP,MLB,398.950
Heliot Ramos,SF,OF,MLB,397.250
Masyn Winn,STL,SS,MLB,397.250
Noah Cameron,KC,SP,MLB,396.400
Alec Burleson,STL,1B,MLB,395.500
Shane McClanahan,TB,SP,MLB,395.350
Marcus Semien,NYM,2B,MLB,395.250
Jhoan Duran,PHI,RP,MLB,394.400
Casey Mize,DET,SP,MLB,393.550
Slade Cecconi,CLE,SP,MLB,393.100
Ceddanne Rafaela,BOS,2B,MLB,393.000
Ben Rice,NYY,C,MLB,392.750
Kyle Stowers,MIA,OF,MLB,390.250
Jacob Wilson,ATH,SS,MLB,390.000
Bubba Chandler,PIT,SP,MLB,389.750
Munetaka Murakami,CWS,1B,MLB,389.500
Luke Keaschall,MIN,2B,MLB,389.000
Luis Arraez,SF,1B,MLB,387.500
Adolis Garcia,PHI,OF,MLB,387.250
Willson Contreras,BOS,1B,MLB,386.250
Xavier Edwards,MIA,2B,MLB,385.750
Joey Cantillo,CLE,SP,MLB,385.500
Devin Williams,NYM,RP,MLB,385.450
Salvador Perez,KC,C,MLB,384.750
Dylan Crews,WSH,OF,MLB,384.000
Zach Eflin,BAL,SP,MLB,383.150
Miguel Vargas,CWS,1B,MLB,382.000
Ivan Herrera,STL,C,MLB,381.250
Luis Robert Jr.,NYM,OF,MLB,381.250
Reynaldo Lopez,ATL,SP,MLB,381.200
Xander Bogaerts,SD,SS,MLB,380.500
Brenton Doyle,COL,OF,MLB,380.250
David Bednar,NYY,RP,MLB,380.000
Andres Munoz,SEA,RP,MLB,379.300
Nolan Schanuel,LAA,1B,MLB,378.750
Matthew Liberatore,STL,SP,MLB,378.600
Dustin May,STL,SP,MLB,378.400
Daulton Varsho,TOR,OF,MLB,377.500
Christian Walker,HOU,1B,MLB,376.500
Aroldis Chapman,BOS,RP,MLB,375.250
Jonathan Aranda,TB,1B,MLB,374.250
Josh Hader,HOU,RP,MLB,373.850
Adley Rutschman,BAL,C,MLB,373.750
Kazuma Okamoto,TOR,1B,MLB,372.750
Sean Manaea,NYM,SP,MLB,372.600
Jung Hoo Lee,SF,OF,MLB,372.250
TJ Friedl,CIN,OF,MLB,372.250
Kyle Manzardo,CLE,1B,MLB,372.000
Alec Bohm,PHI,1B,MLB,371.500
Otto Lopez,MIA,2B,MLB,371.500
Chad Patrick,MIL,SP,MLB,370.700
Dean Kremer,BAL,SP,MLB,370.500
Kyle Freeland,COL,SP,MLB,369.450
Braxton Ashcraft,PIT,SP,MLB,367.950
Nick Martinez,TB,SP,MLB,367.650
Marcell Ozuna,PIT,DH,MLB,367.500
Daylen Lile,WSH,OF,MLB,366.750
Cam Schlittler,NYY,SP,MLB,366.500
Gerrit Cole,NYY,SP,MLB,366.000
Cristian Javier,HOU,SP,MLB,365.250
Brandon Lowe,PIT,2B,MLB,365.000
Michael McGreevy,STL,SP,MLB,364.900
Trent Grisham,NYY,OF,MLB,364.750
Will Smith,LAD,C,MLB,364.750
Mike Trout,LAA,OF,MLB,364.250
Mike Burrows,HOU,SP,MLB,362.450
Wilyer Abreu,BOS,OF,MLB,361.750
Davis Martin,CWS,SP,MLB,361.250
Justin Verlander,DET,SP,MLB,360.400
Taj Bradley,MIN,SP,MLB,357.800
Caleb Durbin,BOS,2B,MLB,357.750
Drake Baldwin,ATL,C,MLB,357.750
Jorge Polanco,NYM,2B,MLB,357.000
Adrian Houser,SF,SP,MLB,356.750
Cade Horton,CHC,SP,MLB,356.500
Jake Burger,TEX,1B,MLB,356.500
Matt McLain,CIN,2B,MLB,356.250
Jacob Lopez,ATH,SP,MLB,356.150
Sean Burke,CWS,SP,MLB,355.900
Jose Berrios,TOR,SP,MLB,355.800
Noelvi Marte,CIN,3B,MLB,355.750
Luis Garcia,WSH,2B,MLB,355.250
Eduardo Rodriguez,ARI,SP,MLB,354.850
Josh Bell,MIN,1B,MLB,354.750
J.P. Crawford,SEA,SS,MLB,354.500
Carlos Correa,HOU,3B,MLB,352.750
Ernie Clement,TOR,1B,MLB,352.500
Jordan Beck,COL,OF,MLB,352.250
Brendan Donovan,SEA,2B,MLB,351.000
Agustin Ramirez,MIA,C,MLB,350.500
Andres Gimenez,TOR,2B,MLB,350.500
Zebby Matthews,MIN,SP,MLB,349.750
Andrew Vaughn,MIL,1B,MLB,349.500
Colson Montgomery,CWS,3B,MLB,349.250
Jake Cronenworth,SD,1B,MLB,349.250
Daniel Palencia,CHC,RP,MLB,349.200
Foster Griffin,WSH,RP,MLB,348.200
Sal Frelick,MIL,OF,MLB,347.250
Cade Cavalli,WSH,SP,MLB,346.000
Ramon Laureano,SD,OF,MLB,346.000
Andre Pallante,STL,SP,MLB,345.850
Mickey Moniak,COL,OF,MLB,343.750
Nolan Arenado,ARI,3B,MLB,343.750
Ryan Weathers,NYY,SP,MLB,343.750
Braxton Garrett,MIA,SP,MLB,343.600
Will Warren,NYY,SP,MLB,343.350
Colton Cowser,BAL,OF,MLB,343.250
Tyler Mahle,SF,SP,MLB,343.200
Raisel Iglesias,ATL,RP,MLB,342.900
Kerry Carpenter,DET,OF,MLB,342.500
Willi Castro,COL,2B,MLB,342.000
Isaac Paredes,HOU,3B,MLB,341.500
Royce Lewis,MIN,3B,MLB,341.000
Lars Nootbaar,STL,OF,MLB,340.750
Simeon Woods Richardson,MIN,SP,MLB,340.000
Yainer Diaz,HOU,C,MLB,340.000
Carlos Estevez,KC,RP,MLB,339.700
Ryan Helsley,BAL,RP,MLB,338.500
Jeff McNeil,ATH,2B,MLB,338.250
Roki Sasaki,LAD,SP,MLB,337.800
Jordan Westburg,BAL,2B,MLB,337.500
Miles Mikolas,WSH,SP,MLB,336.750
Ryan O'Hearn,PIT,1B,MLB,336.750
Jackson Holliday,BAL,2B,MLB,336.000
Kodai Senga,NYM,SP,MLB,335.550
Max Meyer,MIA,SP,MLB,335.500
Steven Matz,TB,RP,MLB,335.500
Addison Barger,TOR,3B,MLB,335.000
Brad Lord,WSH,SP,MLB,334.000
Michael Lorenzen,COL,SP,MLB,333.700
Jonathan India,KC,2B,MLB,333.500
Sal Stewart,CIN,1B,MLB,333.250
Jeff Hoffman,TOR,RP,MLB,333.050
Landen Roupp,SF,SP,MLB,332.650
Parker Messick,CLE,SP,MLB,332.200
Joey Ortiz,MIL,SS,MLB,331.250
Emilio Pagan,CIN,RP,MLB,330.650
Josh Lowe,LAA,OF,MLB,329.750
Colt Keith,DET,1B,MLB,328.500
Jac Caglianone,KC,1B,MLB,328.500
Chandler Simpson,TB,OF,MLB,328.000
Pete Fairbanks,MIA,RP,MLB,327.600
Matt Wallner,MIN,OF,MLB,327.000
Shane Bieber,TOR,SP,MLB,326.900
Grant Holmes,ATL,SP,MLB,325.650
Chase Meidroth,CWS,2B,MLB,325.500
Ryan Walker,SF,RP,MLB,325.200
Brooks Lee,MIN,2B,MLB,324.500
Logan Henderson,MIL,SP,MLB,324.500
Alejandro Kirk,TOR,C,MLB,323.250
Max Muncy,LAD,3B,MLB,323.000
Ryan Jeffers,MIN,C,MLB,321.750
Victor Scott,STL,OF,MLB,318.500
Josh Jung,TEX,3B,MLB,316.750
Brandon Marsh,PHI,OF,MLB,316.250
Nolan Gorman,STL,2B,MLB,315.250
Dennis Santana,PIT,RP,MLB,314.700
Aaron Civale,ATH,SP,MLB,314.400
Josh Smith,TEX,1B,MLB,313.250
Spencer Horwitz,PIT,1B,MLB,312.750
Abner Uribe,MIL,RP,MLB,312.450
Andrew Benintendi,CWS,OF,MLB,311.750
Cedric Mullins II,TB,OF,MLB,311.500
Harrison Bader,SF,OF,MLB,310.250
Evan Carter,TEX,OF,MLB,308.750
Parker Meadows,DET,OF,MLB,308.750
Grant Taylor,CWS,RP,MLB,308.700
Jordan Walker,STL,OF,MLB,308.250
Jorge Soler,LAA,OF,MLB,308.000
Anthony Kay,CWS,SP,MLB,307.950
Anthony Volpe,NYY,SS,MLB,305.500
Kyle Leahy,STL,RP,MLB,305.400
Griffin Jax,TB,RP,MLB,305.050
Jose Quintana,COL,SP,MLB,303.950
Trevor Megill,MIL,RP,MLB,303.750
Jared Triolo,PIT,1B,MLB,303.250
Chris Paddack,MIA,SP,MLB,299.600
J.T. Realmuto,PHI,C,MLB,299.250
Wenceel Perez,DET,OF,MLB,298.750
Gabriel Moreno,ARI,C,MLB,298.250
Mark Vientos,NYM,3B,MLB,298.000
Logan Allen,CLE,SP,MLB,297.450
Chase DeLauter,CLE,OF,MLB,297.250
Johan Oviedo,BOS,SP,MLB,293.200
Bryce Elder,ATL,SP,MLB,293.050
Robert Garcia,TEX,RP,MLB,292.850
Kyle Teel,CWS,C,MLB,291.250
Austin Hays,CWS,OF,MLB,290.500
Luis Morales,ATH,SP,MLB,290.050
Kenley Jansen,DET,RP,MLB,288.750
Gavin Sheets,SD,1B,MLB,288.500
Tommy Edman,LAD,2B,MLB,288.500
Trevor Larnach,MIN,OF,MLB,288.000
Giancarlo Stanton,NYY,OF,MLB,287.750
Austin Wells,NYY,C,MLB,287.500
Mike Yastrzemski,ATL,OF,MLB,287.500
Ke'Bryan Hayes,CIN,3B,MLB,287.000
Randy Vasquez,SD,SP,MLB,287.000
Ian Seymour,TB,SP,MLB,286.850
Spencer Steer,CIN,1B,MLB,285.500
Brayan Rocchio,CLE,2B,MLB,285.250
Francisco Alvarez,NYM,C,MLB,284.250
Brett Baty,NYM,2B,MLB,283.750
Jesus Sanchez,TOR,OF,MLB,283.250
Jake Meyers,HOU,OF,MLB,282.750
Ryan McMahon,NYY,3B,MLB,282.750
Edwin Uceta,TB,RP,MLB,281.700
Michael Soroka,ARI,SP,MLB,281.350
Seranthony Dominguez,CWS,RP,MLB,281.350
Isaac Collins,KC,OF,MLB,280.250
Bo Naylor,CLE,C,MLB,279.750
Connor Norby,MIA,3B,MLB,279.500
Samuel Basallo,BAL,C,MLB,279.500
Luis Gil,NYY,SP,MLB,277.400
Lane Thomas,KC,OF,MLB,276.500
Dylan Beavers,BAL,OF,MLB,276.250
Jacob Latz,TEX,SP,MLB,274.500
Lance McCullers Jr.,HOU,SP,MLB,272.650
Brady House,WSH,3B,MLB,271.750
Zach McKinstry,DET,3B,MLB,271.750
Joc Pederson,TEX,DH,MLB,269.500
Gavin Lux,TB,2B,MLB,269.250
Griffin Canning,SD,SP,MLB,268.200
Kumar Rocker,TEX,SP,MLB,267.900
Logan O'Hoppe,LAA,C,MLB,267.500
Chase Dollander,COL,SP,MLB,264.750
German Marquez,SD,SP,MLB,264.550
Dominic Canzone,SEA,OF,MLB,264.500
Riley O'Brien,STL,RP,MLB,264.150
Jake Irvin,WSH,SP,MLB,264.050
Pavin Smith,ARI,1B,MLB,264.000
Josiah Gray,WSH,SP,MLB,263.750
Tyler Stephenson,CIN,C,MLB,262.250
Taijuan Walker,PHI,SP,MLB,261.350
Tomoyuki Sugano,COL,SP,MLB,261.150
Marcelo Mayer,BOS,2B,MLB,260.750
Bryan Abreu,HOU,RP,MLB,258.350
Victor Vodnik,COL,RP,MLB,257.650
Andrew Painter,PHI,SP,MLB,256.900
Alek Thomas,ARI,OF,MLB,256.750
Clayton Beeter,WSH,RP,MLB,256.650
Cam Smith,HOU,OF,MLB,256.500
Tyler O'Neill,BAL,OF,MLB,255.000
Richard Fitts,STL,SP,MLB,254.400
Justin Steele,CHC,SP,MLB,254.100
Kyle Isbel,KC,OF,MLB,252.750
Luis Rengifo,MIL,2B,MLB,252.250
Christian Moore,LAA,2B,MLB,252.000
Patrick Bailey,SF,C,MLB,252.000
Garrett Cleavinger,TB,RP,MLB,250.350
Owen Caissie,MIA,OF,MLB,248.750
Mick Abel,MIN,SP,MLB,248.650
Dillon Dingler,DET,C,MLB,247.500
Gabriel Arias,CLE,2B,MLB,247.500
Robert Suarez,ATL,RP,MLB,247.150
JoJo Romero,STL,RP,MLB,246.700
Carter Jensen,KC,C,MLB,246.000
Jeremiah Estrada,SD,RP,MLB,245.650
CJ Kayfus,CLE,1B,MLB,245.000
Edgar Quero,CWS,C,MLB,244.500
Bryce Eldridge,SF,1B,MLB,244.250
Lenyn Sosa,CWS,1B,MLB,243.250
Carlos Narvaez,BOS,C,MLB,242.750
Jake McCarthy,COL,OF,MLB,240.000
Tyler Freeman,COL,2B,MLB,239.500
Carson Williams,TB,SS,MLB,239.000
Taylor Rogers,MIN,RP,MLB,238.900
Erick Fedde,CWS,SP,MLB,238.500
Kevin Ginkel,ARI,RP,MLB,238.350
Jose Caballero,NYY,2B,MLB,238.250
Ha-Seong Kim,ATL,2B,MLB,237.000
Lourdes Gurriel Jr.,ARI,OF,MLB,237.000
Nick Gonzales,PIT,2B,MLB,236.000
Edouard Julien,COL,1B,MLB,235.750
Will Vest,DET,RP,MLB,235.250
Luisangel Acuna,CWS,2B,MLB,233.750
Brooks Baldwin,CWS,2B,MLB,233.500
Garrett Whitlock,BOS,RP,MLB,233.200
Adrian Morejon,SD,RP,MLB,231.250
Spencer Arrighetti,HOU,SP,MLB,230.050
Luke Weaver,NYM,RP,MLB,229.700
Robert Stephenson,LAA,RP,MLB,229.200
Hunter Barco,PIT,SP,MLB,228.850
Jake Fraley,TB,OF,MLB,228.500
Miguel Andujar,SD,3B,MLB,228.250
Janson Junk,MIA,SP,MLB,228.050
Yoan Moncada,LAA,3B,MLB,228.000
Carson Kelly,CHC,C,MLB,227.750
Jose A. Ferrer,SEA,RP,MLB,226.550
Freddy Fermin,SD,C,MLB,226.500
Kutter Crawford,BOS,SP,MLB,225.850
Andrew Kittredge,BAL,RP,MLB,225.650
Phil Maton,CHC,RP,MLB,225.650
Justin Sterner,ATH,RP,MLB,225.300
Victor Robles,SEA,OF,MLB,225.250
George Valera,CLE,OF,MLB,224.250
Ryan Feltner,COL,SP,MLB,224.250
Tanner Scott,LAD,RP,MLB,224.250
Hunter Dobbins,STL,SP,MLB,224.000
Hogan Harris,ATH,RP,MLB,222.800
Alek Manoah,LAA,SP,MLB,222.700
Camilo Doval,NYY,RP,MLB,222.400
Robert Gasser,MIL,SP,MLB,221.650
Paul Goldschmidt,NYY,1B,MLB,221.500
Garrett Mitchell,MIL,OF,MLB,220.500
Christopher Morel,MIA,OF,MLB,220.000
Jordan Lawlar,ARI,3B,MLB,220.000
Zach Cole,HOU,OF,MLB,219.750
Cole Young,SEA,2B,MLB,219.000
Mike Vasil,CWS,SP,MLB,218.150
Nick Castellanos,SD,OF,MLB,217.750
Kyle Harrison,MIL,SP,MLB,217.050
Carlos Santana,ARI,1B,MLB,216.500
Matt Brash,SEA,RP,MLB,216.500
Caden Dana,LAA,SP,MLB,215.600
Nathan Lukes,TOR,OF,MLB,215.500
Kirby Yates,LAA,RP,MLB,215.400
Denzel Clarke,ATH,OF,MLB,215.000
JP Sears,SD,SP,MLB,214.900
Cole Sands,MIN,SP,MLB,214.600
Tony Santillan,CIN,RP,MLB,214.550
Jonathan Cannon,CWS,SP,MLB,214.050
Jordan Leasure,CWS,RP,MLB,214.000
Moises Ballesteros,CHC,C,MLB,213.750
Shawn Armstrong,CLE,RP,MLB,213.750
Mark Leiter Jr.,ATH,RP,MLB,213.100
Davis Schneider,TOR,2B,MLB,212.750
Matt Strahm,KC,RP,MLB,212.600
Alex Vesia,LAD,RP,MLB,212.500
Victor Caratini,MIN,C,MLB,212.000
Ryan Weiss,HOU,SP,MLB,211.550
Joe Boyle,TB,SP,MLB,211.200
Cole Henry,WSH,RP,MLB,211.200
Louis Varland,TOR,RP,MLB,210.500
Dylan Lee,ATL,RP,MLB,210.200
Heriberto Hernandez,MIA,OF,MLB,208.000
JJ Bleday,CIN,OF,MLB,208.000
Fernando Cruz,NYY,RP,MLB,207.850
Jimmy Herget,COL,RP,MLB,207.300
Austin Martin,MIN,2B,MLB,206.250
Hunter Gaddis,CLE,RP,MLB,206.200
Matt Svanson,STL,RP,MLB,206.100
Bryan Baker,TB,RP,MLB,205.750
Jared Koenig,MIL,RP,MLB,205.700
Luis Medina,ATH,SP,MLB,205.500
Tyler Holton,DET,SP,MLB,205.200
Calvin Faucher,MIA,RP,MLB,204.900
Justin Topa,MIN,RP,MLB,203.900
Keegan Akin,BAL,SP,MLB,203.500
Tyler Rogers,TOR,RP,MLB,203.350
Orion Kerkering,PHI,RP,MLB,203.200
Jose Alvarado,PHI,RP,MLB,203.000
Colin Rea,CHC,SP,MLB,202.600
Jose Urquidy,PIT,RP,MLB,201.800
Jake Bauers,MIL,1B,MLB,201.250
Aaron Ashby,MIL,RP,MLB,201.200
Troy Melton,DET,SP,MLB,201.100
Nasim Nunez,WSH,2B,MLB,201.000
Sean Murphy,ATL,C,MLB,201.000
Caleb Thielbar,CHC,RP,MLB,199.850
Bryan King,HOU,RP,MLB,199.650
Kyle Finnegan,DET,RP,MLB,199.250
Eduard Bazardo,SEA,RP,MLB,198.950
Danny Jansen,TEX,C,MLB,198.750
Lucas Erceg,KC,RP,MLB,197.650
Andrew Alvarez,WSH,SP,MLB,197.300
Gregory Soto,PIT,RP,MLB,196.550
Keibert Ruiz,WSH,C,MLB,196.250
Taylor Walls,TB,SS,MLB,196.250
Brad Keller,PHI,RP,MLB,195.800
Yimi Garcia,TOR,RP,MLB,195.650
Steven Okert,HOU,RP,MLB,194.950
Carmen Mlodzinski,PIT,SP,MLB,194.300
Ryan Thompson,ARI,RP,MLB,194.100
Kody Funderburk,MIN,RP,MLB,194.000
Graham Ashcraft,CIN,RP,MLB,193.650
Patrick Sandoval,BOS,SP,MLB,191.750
Tyler Wells,BAL,SP,MLB,191.550
Mauricio Dubon,ATL,2B,MLB,191.500
Jacob Young,WSH,OF,MLB,191.250
Max Muncy,ATH,2B,MLB,190.000
Juan Mejia,COL,RP,MLB,189.500
Gabe Speier,SEA,RP,MLB,188.750
Romy Gonzalez,BOS,1B,MLB,188.250
Javier Baez,DET,2B,MLB,187.750
Matt Shaw,CHC,3B,MLB,187.750
Jakob Junis,TEX,RP,MLB,187.700
Griffin Conine,MIA,OF,MLB,187.250
Paul Sewald,ARI,RP,MLB,187.000
Elvis Alvarado,ATH,RP,MLB,185.400
Spencer Bivens,SF,RP,MLB,185.350
Jake Mangum,PIT,OF,MLB,185.250
Erik Miller,SF,RP,MLB,184.900
Blake Treinen,LAD,RP,MLB,184.850
Ryan Zeferjahn,LAA,RP,MLB,184.400
Drew Anderson,DET,RP,MLB,184.300
Sean Newcomb,CWS,SP,MLB,182.950
Mason Montgomery,PIT,RP,MLB,182.850
Pedro Pages,STL,C,MLB,182.750
Isaac Mattson,PIT,RP,MLB,182.550
David Festa,MIN,SP,MLB,182.500
Cole Winn,TEX,RP,MLB,182.400
Brandon Sproat,MIL,SP,MLB,182.350
Greg Weissert,BOS,RP,MLB,182.200
Seth Halvorsen,COL,RP,MLB,181.950
Rhett Lowder,CIN,SP,MLB,181.750
Michael Massey,KC,2B,MLB,181.500
Hunter Harvey,CHC,RP,MLB,181.450
Drew Pomeranz,LAA,SP,MLB,180.700
Tyler Phillips,MIA,RP,MLB,180.650
Tyler Kinley,ATL,RP,MLB,180.450
Jose Butto,SF,SP,MLB,180.250
Stephen Kolek,KC,SP,MLB,180.150
Erik Sabrowski,CLE,RP,MLB,179.750
Chris Martin,TEX,RP,MLB,179.500
Pierce Johnson,CIN,RP,MLB,179.500
John Schreiber,KC,RP,MLB,179.300
Aaron Bummer,ATL,RP,MLB,179.000
PJ Poulin,WSH,RP,MLB,178.800
Graham Pauley,MIA,3B,MLB,178.750
Tobias Myers,NYM,SP,MLB,178.450
A.J. Minter,NYM,RP,MLB,178.300
Eric Lauer,TOR,SP,MLB,178.150
Brooks Raley,NYM,RP,MLB,178.000
Anthony Bender,MIA,RP,MLB,176.800
Cody Bradford,TEX,SP,MLB,176.450
Tanner Banks,PHI,RP,MLB,176.150
Kody Clemens,MIN,1B,MLB,175.000
Brock Burke,CIN,RP,MLB,174.450
Justin Slaten,BOS,RP,MLB,173.400
Paul Blackburn,NYY,SP,MLB,173.200
Angel Zerpa,MIL,RP,MLB,173.150
Tyler Alexander,TEX,SP,MLB,172.750
Ryne Stanek,STL,RP,MLB,172.250
Jonny DeLuca,TB,OF,MLB,171.750
Jordan Romano,LAA,RP,MLB,171.450
David Morgan,SD,RP,MLB,170.500
Joey Loperfido,HOU,OF,MLB,170.250
Jason Adam,SD,RP,MLB,170.050
Joey Bart,PIT,C,MLB,170.000
Liam Hicks,MIA,C,MLB,170.000
Vaughn Grissom,LAA,2B,MLB,170.000
Hoby Milner,CHC,RP,MLB,169.800
Ben Joyce,LAA,RP,MLB,169.550
Mason Englert,TB,RP,MLB,169.500
Sung-Mun Song,SD,2B,MLB,169.500
Julian Fernandez,WSH,RP,MLB,169.300
Yennier Cano,BAL,RP,MLB,168.050
Matt Festa,CLE,RP,MLB,167.950
Joel Peguero,SF,RP,MLB,167.550
Enyel De Los Santos,HOU,RP,MLB,167.200
Michael Kelly,ATH,RP,MLB,166.950
Scott Barlow,ATH,RP,MLB,166.600
J.T. Ginn,ATH,SP,MLB,166.550
Nick Mears,KC,RP,MLB,166.350
Emerson Hancock,SEA,SP,MLB,165.900
Tyrone Taylor,NYM,OF,MLB,165.250
Ryan Yarbrough,NYY,SP,MLB,165.150
Blaze Alexander,BAL,2B,MLB,164.750
Anthony Banda,MIN,RP,MLB,164.600
Kade Strowd,ARI,RP,MLB,164.450
Tommy Nance,TOR,RP,MLB,164.150
Ezequiel Duran,TEX,1B,MLB,164.000
Tim Hill,NYY,RP,MLB,163.850
Andrew Nardi,MIA,RP,MLB,163.400
Drey Jameson,ARI,RP,MLB,163.250
Ben Brown,CHC,SP,MLB,163.000
Luke Raley,SEA,1B,MLB,162.750
Brandon Eisert,CWS,SP,MLB,162.500
Angel Martinez,CLE,2B,MLB,162.250
Justin Lawrence,PIT,RP,MLB,162.200
Bailey Falter,KC,SP,MLB,162.050
Brendon Little,TOR,RP,MLB,161.950
Payton Tolle,BOS,SP,MLB,161.950
Javier Assad,CHC,SP,MLB,161.800
Wandy Peralta,SD,RP,MLB,161.650
Grant Anderson,MIL,RP,MLB,161.000
Alexis Diaz,TEX,RP,MLB,160.350
Dietrich Enns,BAL,SP,MLB,159.950
Luis Campusano,SD,C,MLB,159.750
Troy Johnston,COL,1B,MLB,159.750
Henry Davis,PIT,C,MLB,159.500
Nick Fortes,TB,C,MLB,159.500
Cade Gibson,MIA,RP,MLB,158.950
Brent Suter,LAA,SP,MLB,158.700
Jake Bird,NYY,RP,MLB,158.650
Thomas Saggese,STL,2B,MLB,157.500
Caleb Ferguson,CIN,RP,MLB,157.250
Connelly Early,BOS,SP,MLB,156.700
Jordan Hicks,CWS,SP,MLB,156.400
Braydon Fisher,TOR,RP,MLB,156.050
Jack Dreyer,LAD,SP,MLB,155.800
Colby Thomas,ATH,OF,MLB,155.750
Miguel Amaya,CHC,C,MLB,155.500
Luis Garcia,NYM,RP,MLB,155.150
Kyle Higashioka,TEX,C,MLB,155.000
Jasson Dominguez,NYY,OF,MLB,154.750
Brant Hurter,DET,SP,MLB,154.550
Will Benson,CIN,OF,MLB,154.250
Trevor McDonald,SF,SP,MLB,154.050
Bennett Sousa,HOU,RP,MLB,153.900
Ramon Urias,STL,2B,MLB,153.750
Yuki Matsui,SD,RP,MLB,153.500
Harry Ford,WSH,C,MLB,153.000
Jackson Rutledge,WSH,SP,MLB,152.950
Eric Orze,MIN,RP,MLB,152.900
Andres Chaparro,WSH,1B,MLB,152.750
Keider Montero,DET,SP,MLB,152.600
Jose Tena,WSH,2B,MLB,152.500
Brenan Hanifee,DET,RP,MLB,152.050
Ben Casparius,LAD,SP,MLB,151.950
Tyler Austin,CHC,1B,MLB,151.500
Edmundo Sosa,PHI,2B,MLB,151.250
Gordon Graceffo,STL,RP,MLB,151.250
Jovani Moran,BOS,RP,MLB,151.200
Daniel Lynch,KC,RP,MLB,150.800
Jonathan Bowlan,PHI,RP,MLB,150.750
Travis Adams,MIN,SP,MLB,150.500
Connor Phillips,CIN,RP,MLB,150.450
Tim Herrin,CLE,RP,MLB,150.450
Yohan Ramirez,PIT,RP,MLB,149.800
Otto Kemp,PHI,1B,MLB,149.500
Hayden Birdsong,SF,SP,MLB,149.350
Brennan Bernardino,COL,SP,MLB,149.250
Zack Kelly,BOS,SP,MLB,149.250
Taylor Clarke,ARI,RP,MLB,149.000
Jhostynxon Garcia,PIT,OF,MLB,148.500
Huascar Brazoban,NYM,SP,MLB,148.400
Javier Sanoja,MIA,2B,MLB,148.000
Rob Refsnyder,SEA,OF,MLB,147.500
Connor Prielipp,MIN,SP,MLB,146.950
Jacob Webb,CHC,RP,MLB,146.700
Carlos Vargas,SEA,RP,MLB,146.450
Mitchell Parker,WSH,SP,MLB,146.350
Matt Vierling,DET,OF,MLB,146.000
DL Hall,MIL,SP,MLB,143.850
Joel Payamps,ATL,RP,MLB,143.850
Ryan Bergert,KC,SP,MLB,142.850
David Hamilton,MIL,2B,MLB,142.500
Justin Wrobleski,LAD,RP,MLB,142.350
Casey Legumina,SEA,RP,MLB,142.300
Lake Bachar,MIA,RP,MLB,141.900
Antonio Senzatela,COL,SP,MLB,141.550
Jose Fermin,LAA,RP,MLB,141.300
Porter Hodge,CHC,RP,MLB,141.250
Dane Myers,CIN,OF,MLB,141.000
Jose Trevino,CIN,C,MLB,141.000
Rico Garcia,BAL,RP,MLB,140.800
Cole Sulser,TB,RP,MLB,140.400
Ian Hamilton,ATL,RP,MLB,140.300
Jose Fermin,STL,2B,MLB,140.250
Jeremiah Jackson,BAL,3B,MLB,139.750
Yoendrys Gomez,TB,SP,MLB,139.600
Griff McGarry,WSH,SP,MLB,139.500
Justin Bruihl,STL,RP,MLB,139.400
Matt Gage,SF,RP,MLB,139.400
Kyle Karros,COL,3B,MLB,139.250
Amed Rosario,NYY,2B,MLB,138.750
Casey Schmitt,SF,1B,MLB,138.500
Robert Hassell III,WSH,OF,MLB,138.000
Jaden Hill,COL,RP,MLB,137.850
Sam Haggerty,TEX,OF,MLB,137.500
Masataka Yoshida,BOS,OF,MLB,137.000
David Fry,CLE,DH,MLB,136.500
Nate Pearson,HOU,RP,MLB,136.150
Hunter Feduccia,TB,C,MLB,136.000
Jordan Montgomery,TEX,SP,MLB,136.000
Matt Pushard,STL,RP,MLB,135.950
Steven Wilson,TB,RP,MLB,135.250
Blake Perkins,MIL,OF,MLB,134.000
Brent Headrick,NYY,RP,MLB,133.950
Chase Silseth,LAA,RP,MLB,133.350
Alex Lange,KC,RP,MLB,133.100
Connor Brogdon,CLE,RP,MLB,132.550
Brusdar Graterol,LAD,RP,MLB,132.450
Will Klein,LAD,RP,MLB,132.400
Joey Wentz,ATL,SP,MLB,131.800
Ryan Gusto,MIA,SP,MLB,131.650
Sam Hentges,SF,RP,MLB,131.450
Josh White,MIA,RP,MLB,130.900
Joe Mack,MIA,C,MLB,130.750
Daniel Schneemann,CLE,2B,MLB,130.250
James Outman,MIN,OF,MLB,129.750
Ryan Watson,BOS,SP,MLB,129.700
Evan Sisk,PIT,RP,MLB,129.500
Ryan Ritter,COL,2B,MLB,128.250
Rob Zastryzny,MIL,RP,MLB,127.950
Tanner Gordon,COL,SP,MLB,127.850
Connor Wong,BOS,C,MLB,127.500
Brandyn Garcia,ARI,RP,MLB,127.350
Braxton Fulford,COL,C,MLB,126.250
Brady Basso,ATH,RP,MLB,125.500
Ryan Mountcastle,BAL,1B,MLB,124.750
Ryan Fernandez,STL,RP,MLB,124.600
Luis Torrens,NYM,C,MLB,124.500
Roddery Munoz,HOU,RP,MLB,124.450
Jason Alexander,HOU,SP,MLB,124.100
Dalton Rushing,LAD,C,MLB,124.000
Kevin Kelly,TB,RP,MLB,123.900
Eduarniel Nunez,ATH,RP,MLB,123.750
JT Brubaker,SF,RP,MLB,123.450
Justyn-Henry Malloy,TB,OF,MLB,123.000
Everson Pereira,CWS,OF,MLB,122.500
Triston Casas,BOS,1B,MLB,122.500
Cooper Criswell,SEA,RP,MLB,121.850
Jordan Wicks,CHC,SP,MLB,121.250
Richard Lovelady,WSH,RP,MLB,120.750
Zach Maxwell,CIN,RP,MLB,120.050
Tyler Ferguson,ATH,RP,MLB,119.250
RJ Petit,COL,RP,MLB,119.100
Carter Baumler,TEX,SP,MLB,118.750
Peyton Pallette,CLE,RP,MLB,118.500
Travis d'Arnaud,LAA,C,MLB,118.500
Drew Thorpe,CWS,SP,MLB,118.350
Blaine Crim,COL,1B,MLB,118.000
Bryce Teodosio,LAA,OF,MLB,118.000
Tyler Locklear,ARI,1B,MLB,118.000
Abimelec Ortiz,WSH,1B,MLB,117.500
John King,MIA,RP,MLB,117.350
Mason Fluharty,TOR,RP,MLB,117.200
Wikelman Gonzalez,CWS,SP,MLB,116.950
Hunter Bigge,TB,RP,MLB,116.800
Adrian Del Castillo,ARI,C,MLB,116.250
AJ Blubaugh,HOU,SP,MLB,115.900
Richie Palacios,TB,OF,MLB,115.750
Zach Agnos,COL,RP,MLB,114.800
Steven Cruz,KC,RP,MLB,114.650
Dylan Dodd,ATL,RP,MLB,114.550
Gus Varland,WSH,RP,MLB,114.500
Beau Brieske,DET,RP,MLB,114.350
Kyle Nicolas,PIT,RP,MLB,114.000
George Soriano,STL,RP,MLB,113.750
Bryan Hudson,NYM,RP,MLB,113.500
Miguel Rojas,LAD,2B,MLB,113.250
Andy Ibanez,ATH,2B,MLB,112.750
Oswald Peraza,LAA,1B,MLB,112.500
Zach McCambley,PHI,SP,MLB,112.050
Cody Freeman,TEX,2B,MLB,111.750
Brandon Williamson,CIN,SP,MLB,111.550
Ben Williamson,TB,3B,MLB,111.500
Jake Rogers,DET,C,MLB,111.250
Zach Pop,PHI,RP,MLB,111.150
Isiah Kiner-Falefa,BOS,2B,MLB,110.750
Johnathan Rodriguez,CLE,OF,MLB,110.500
Paxton Schultz,WSH,RP,MLB,110.500
Bradgley Rodriguez,SD,RP,MLB,110.300
Ron Marinaccio,SD,RP,MLB,110.200
Colin Holderman,CLE,RP,MLB,109.950
Alan Roden,MIN,OF,MLB,109.500
Hyeseong Kim,LAD,2B,MLB,108.500
Darell Hernaiz,ATH,2B,MLB,108.250
Colton Gordon,HOU,SP,MLB,107.850
Zack Gelof,ATH,2B,MLB,107.500
Austin Warren,NYM,RP,MLB,107.400
Johan Rojas,PHI,OF,MLB,107.000
Tim Tawa,ARI,1B,MLB,107.000
Brock Stewart,LAD,RP,MLB,106.500
Troy Taylor,SEA,RP,MLB,106.150
Nathan Church,STL,OF,MLB,105.500
Myles Straw,TOR,OF,MLB,104.500
Alex Call,LAD,OF,MLB,104.250
Drew Gilbert,SF,OF,MLB,104.000
Yaramil Hiraldo,BAL,RP,MLB,103.800
Coby Mayo,BAL,1B,MLB,103.750
Sam Moll,CIN,RP,MLB,103.750
Daysbel Hernandez,ATL,RP,MLB,103.700
James McCann,ARI,C,MLB,103.250
Andrew Hoffmann,ARI,RP,MLB,103.200
Craig Yoho,MIL,RP,MLB,102.800
Edgardo Henriquez,LAD,RP,MLB,102.800
Chase Petty,CIN,SP,MLB,102.700
John Klein,MIN,SP,MLB,102.550
Andre Granillo,WSH,RP,MLB,102.200
Christian Scott,NYM,SP,MLB,101.550
Grant Wolfram,BAL,RP,MLB,101.550
Hayden Harris,ATL,RP,MLB,101.300
Ethan Roberts,CHC,RP,MLB,101.150
