name,team,position,sport
Shohei Ohtani,LAD,DH,MLB
Tarik Skubal,DET,SP,MLB
Garrett Crochet,BOS,SP,MLB
Paul Skenes,PIT,SP,MLB
Aaron Judge,NYY,OF,MLB
Juan Soto,NYM,OF,MLB
Logan Webb,SF,SP,MLB
Cristopher Sanchez,PHI,SP,MLB
Bryan Woo,SEA,SP,MLB
Bobby Witt Jr.,KC,SS,MLB
Hunter Brown,HOU,SP,MLB
Framber Valdez,DET,SP,MLB
Max Fried,NYY,SP,MLB
Jose Ramirez,CLE,3B,MLB
Dylan Cease,TOR,SP,MLB
Ronald Acuna Jr.,ATL,OF,MLB
Jesus Luzardo,PHI,SP,MLB
Hunter Greene,CIN,SP,MLB
Kyle Tucker,LAD,OF,MLB
Vladimir Guerrero Jr.,TOR,1B,MLB
Logan Gilbert,SEA,SP,MLB
Corbin Carroll,ARI,OF,MLB
Chris Sale,ATL,SP,MLB
Kevin Gausman,TOR,SP,MLB
Gunnar Henderson,BAL,SS,MLB
Kyle Schwarber,PHI,OF,MLB
Elly De La Cruz,CIN,SS,MLB
Sonny Gray,BOS,SP,MLB
George Kirby,SEA,SP,MLB
Fernando Tatis Jr.,SD,OF,MLB
Julio Rodriguez,SEA,OF,MLB
Joe Ryan,MIN,SP,MLB
Yoshinobu Yamamoto,LAD,SP,MLB
Jacob deGrom,TEX,SP,MLB
Nick Pivetta,SD,SP,MLB
Freddy Peralta,NYM,SP,MLB
Luis Castillo,SEA,SP,MLB
Cole Ragans,KC,SP,MLB
Tanner Bibee,CLE,SP,MLB
Zac Gallen,ARI,SP,MLB
Cal Raleigh,SEA,C,MLB
Brent Rooker,ATH,OF,MLB
Junior Caminero,TB,3B,MLB
Pete Alonso,BAL,1B,MLB
MacKenzie Gore,TEX,SP,MLB
Aaron Nola,PHI,SP,MLB
Jackson Chourio,MIL,OF,MLB
Bryce Harper,PHI,1B,MLB
Nathan Eovaldi,TEX,SP,MLB
Spencer Strider,ATL,SP,MLB
Ranger Suarez,BOS,SP,MLB
Matt Olson,ATL,1B,MLB
Robbie Ray,SF,SP,MLB
Rafael Devers,SF,1B,MLB
Ryan Pepiot,TB,SP,MLB
Francisco Lindor,NYM,SS,MLB
Freddie Freeman,LAD,1B,MLB
Nick Kurtz,ATH,1B,MLB
Ketel Marte,ARI,2B,MLB
Mookie Betts,LAD,SS,MLB
Gavin Williams,CLE,SP,MLB
Trea Turner,PHI,SS,MLB
Jack Flaherty,DET,SP,MLB
Merrill Kelly,ARI,SP,MLB
Pete Crow-Armstrong,CHC,OF,MLB
Sandy Alcantara,MIA,SP,MLB
Jose Soriano,LAA,SP,MLB
Zach Neto,LAA,SS,MLB
James Wood,WSH,OF,MLB
Michael King,SD,SP,MLB
Mitch Keller,PIT,SP,MLB
Yordan Alvarez,HOU,OF,MLB
Yusei Kikuchi,LAA,SP,MLB
Wyatt Langford,TEX,OF,MLB
Jazz Chisholm Jr.,NYY,2B,MLB
Zack Wheeler,PHI,SP,MLB
Geraldo Perdomo,ARI,SS,MLB
Maikel Garcia,KC,2B,MLB
Matthew Boyd,CHC,SP,MLB
Drew Rasmussen,TB,SP,MLB
Vinnie Pasquantino,KC,1B,MLB
Andrew Abbott,CIN,SP,MLB
Brady Singer,CIN,SP,MLB
Chris Bassitt,BAL,SP,MLB
Manny Machado,SD,3B,MLB
Riley Greene,DET,OF,MLB
Randy Arozarena,SEA,OF,MLB
Josh Naylor,SEA,1B,MLB
Willy Adames,SF,SS,MLB
Jarren Duran,BOS,OF,MLB
David Peterson,NYM,SP,MLB
Brandon Woodruff,MIL,SP,MLB
Blake Snell,LAD,SP,MLB
Brandon Pfaadt,ARI,SP,MLB
Austin Riley,ATL,3B,MLB
Brice Turang,MIL,2B,MLB
CJ Abrams,WSH,SS,MLB
Carlos Rodon,NYY,SP,MLB
Quinn Priester,MIL,SP,MLB
Seiya Suzuki,CHC,OF,MLB
George Springer,TOR,OF,MLB
Luis Severino,ATH,SP,MLB
Shota Imanaga,CHC,SP,MLB
Cody Bellinger,NYY,OF,MLB
Ian Happ,CHC,OF,MLB
Alex Bregman,CHC,3B,MLB
Taylor Ward,BAL,OF,MLB
Nick Lodolo,CIN,SP,MLB
Jeremy Pena,HOU,SS,MLB
Roman Anthony,BOS,OF,MLB
Michael Wacha,KC,SP,MLB
Nolan McLean,NYM,SP,MLB
Jackson Merrill,SD,OF,MLB
Steven Kwan,CLE,OF,MLB
Matt Chapman,SF,3B,MLB
Eugenio Suarez,CIN,3B,MLB
Yandy Diaz,TB,1B,MLB
Bo Bichette,NYM,SS,MLB
William Contreras,MIL,C,MLB
Gleyber Torres,DET,2B,MLB
Joe Musgrove,SD,SP,MLB
Jeffrey Springs,ATH,SP,MLB
Kyle Bradish,BAL,SP,MLB
Edwin Diaz,LAD,RP,MLB
Emmet Sheehan,LAD,SP,MLB
Tyler Glasnow,LAD,SP,MLB
Shane Smith,CWS,SP,MLB
Spencer Torkelson,DET,1B,MLB
Byron Buxton,MIN,OF,MLB
Jose Altuve,HOU,2B,MLB
Bailey Ober,MIN,SP,MLB
Ryne Nelson,ARI,SP,MLB
Cody Ponce,TOR,SP,MLB
Shane Baz,BAL,SP,MLB
Jacob Misiorowski,MIL,SP,MLB
Brandon Nimmo,TEX,OF,MLB
Jack Leiter,TEX,SP,MLB
Brayan Bello,BOS,SP,MLB
Christian Yelich,MIL,OF,MLB
Seth Lugo,KC,SP,MLB
Mason Miller,SD,RP,MLB
Corey Seager,TEX,SS,MLB
Nico Hoerner,CHC,2B,MLB
Dansby Swanson,CHC,SS,MLB
Ezequiel Tovar,COL,SS,MLB
Jurickson Profar,ATL,OF,MLB
Michael Busch,CHC,1B,MLB
Eury Perez,MIA,SP,MLB
Edward Cabrera,CHC,SP,MLB
Trey Yesavage,TOR,SP,MLB
Cade Smith,CLE,RP,MLB
Chase Burns,CIN,SP,MLB
Kris Bubic,KC,SP,MLB
Tyler Soderstrom,ATH,1B,MLB
Tatsuya Imai,HOU,SP,MLB
Bryan Reynolds,PIT,OF,MLB
Andy Pages,LAD,OF,MLB
Teoscar Hernandez,LAD,OF,MLB
Jakob Marsee,MIA,OF,MLB
Clay Holmes,NYM,SP,MLB
Trevor Story,BOS,SS,MLB
Michael Harris II,ATL,OF,MLB
Lawrence Butler,ATH,OF,MLB
Jo Adell,LAA,OF,MLB
Oneil Cruz,PIT,OF,MLB
Hunter Goodman,COL,C,MLB
Bryson Stott,PHI,2B,MLB
Reid Detmers,LAA,RP,MLB
Ozzie Albies,ATL,2B,MLB
Jameson Taillon,CHC,SP,MLB
Trevor Rogers,BAL,SP,MLB
Shea Langeliers,ATH,C,MLB
Bryce Miller,SEA,SP,MLB
Heliot Ramos,SF,OF,MLB
Masyn Winn,STL,SS,MLB
Noah Cameron,KC,SP,MLB
Alec Burleson,STL,1B,MLB
Shane McClanahan,TB,SP,MLB
Marcus Semien,NYM,2B,MLB
Jhoan Duran,PHI,RP,MLB
Casey Mize,DET,SP,MLB
Slade Cecconi,CLE,SP,MLB
Ceddanne Rafaela,BOS,2B,MLB
Ben Rice,NYY,C,MLB
Kyle Stowers,MIA,OF,MLB
Jacob Wilson,ATH,SS,MLB
Bubba Chandler,PIT,SP,MLB
Munetaka Murakami,CWS,1B,MLB
Luke Keaschall,MIN,2B,MLB
Luis Arraez,SF,1B,MLB
Adolis Garcia,PHI,OF,MLB
Willson Contreras,BOS,1B,MLB
Xavier Edwards,MIA,2B,MLB
Joey Cantillo,CLE,SP,MLB
Devin Williams,NYM,RP,MLB
Salvador Perez,KC,C,MLB
Dylan Crews,WSH,OF,MLB
Zach Eflin,BAL,SP,MLB
Miguel Vargas,CWS,1B,MLB
Ivan Herrera,STL,C,MLB
Luis Robert Jr.,NYM,OF,MLB
Reynaldo Lopez,ATL,SP,MLB
Xander Bogaerts,SD,SS,MLB
Brenton Doyle,COL,OF,MLB
David Bednar,NYY,RP,MLB
Andres Munoz,SEA,RP,MLB
Nolan Schanuel,LAA,1B,MLB
Matthew Liberatore,STL,SP,MLB
Dustin May,STL,SP,MLB
Daulton Varsho,TOR,OF,MLB
Christian Walker,HOU,1B,MLB
Aroldis Chapman,BOS,RP,MLB
Jonathan Aranda,TB,1B,MLB
Josh Hader,HOU,RP,MLB
Adley Rutschman,BAL,C,MLB
Kazuma Okamoto,TOR,1B,MLB
Sean Manaea,NYM,SP,MLB
Jung Hoo Lee,SF,OF,MLB
TJ Friedl,CIN,OF,MLB
Kyle Manzardo,CLE,1B,MLB
Alec Bohm,PHI,1B,MLB
Otto Lopez,MIA,2B,MLB
Chad Patrick,MIL,SP,MLB
Dean Kremer,BAL,SP,MLB
Kyle Freeland,COL,SP,MLB
Braxton Ashcraft,PIT,SP,MLB
Nick Martinez,TB,SP,MLB
Marcell Ozuna,PIT,DH,MLB
Daylen Lile,WSH,OF,MLB
Cam Schlittler,NYY,SP,MLB
Gerrit Cole,NYY,SP,MLB
Cristian Javier,HOU,SP,MLB
Brandon Lowe,PIT,2B,MLB
Michael McGreevy,STL,SP,MLB
Trent Grisham,NYY,OF,MLB
Will Smith,LAD,C,MLB
Mike Trout,LAA,OF,MLB
Mike Burrows,HOU,SP,MLB
Wilyer Abreu,BOS,OF,MLB
Davis Martin,CWS,SP,MLB
Justin Verlander,DET,SP,MLB
Taj Bradley,MIN,SP,MLB
Caleb Durbin,BOS,2B,MLB
Drake Baldwin,ATL,C,MLB
Jorge Polanco,NYM,2B,MLB
Adrian Houser,SF,SP,MLB
Cade Horton,CHC,SP,MLB
Jake Burger,TEX,1B,MLB
Matt McLain,CIN,2B,MLB
Jacob Lopez,ATH,SP,MLB
Sean Burke,CWS,SP,MLB
Jose Berrios,TOR,SP,MLB
Noelvi Marte,CIN,3B,MLB
Luis Garcia,WSH,2B,MLB
Eduardo Rodriguez,ARI,SP,MLB
Josh Bell,MIN,1B,MLB
J.P. Crawford,SEA,SS,MLB
Carlos Correa,HOU,3B,MLB
Ernie Clement,TOR,1B,MLB
Jordan Beck,COL,OF,MLB
Brendan Donovan,SEA,2B,MLB
Agustin Ramirez,MIA,C,MLB
Andres Gimenez,TOR,2B,MLB
Zebby Matthews,MIN,SP,MLB
Andrew Vaughn,MIL,1B,MLB
Colson Montgomery,CWS,3B,MLB
Jake Cronenworth,SD,1B,MLB
Daniel Palencia,CHC,RP,MLB
Foster Griffin,WSH,RP,MLB
Sal Frelick,MIL,OF,MLB
Cade Cavalli,WSH,SP,MLB
Ramon Laureano,SD,OF,MLB
Andre Pallante,STL,SP,MLB
Mickey Moniak,COL,OF,MLB
Nolan Arenado,ARI,3B,MLB
Ryan Weathers,NYY,SP,MLB
Braxton Garrett,MIA,SP,MLB
Will Warren,NYY,SP,MLB
Colton Cowser,BAL,OF,MLB
Tyler Mahle,SF,SP,MLB
Raisel Iglesias,ATL,RP,MLB
Kerry Carpenter,DET,OF,MLB
Willi Castro,COL,2B,MLB
Isaac Paredes,HOU,3B,MLB
Royce Lewis,MIN,3B,MLB
Lars Nootbaar,STL,OF,MLB
Simeon Woods Richardson,MIN,SP,MLB
Yainer Diaz,HOU,C,MLB
Carlos Estevez,KC,RP,MLB
Ryan Helsley,BAL,RP,MLB
Jeff McNeil,ATH,2B,MLB
Roki Sasaki,LAD,SP,MLB
Jordan Westburg,BAL,2B,MLB
Miles Mikolas,WSH,SP,MLB
Ryan O'Hearn,PIT,1B,MLB
Jackson Holliday,BAL,2B,MLB
Kodai Senga,NYM,SP,MLB
Max Meyer,MIA,SP,MLB
Steven Matz,TB,RP,MLB
Addison Barger,TOR,3B,MLB
Brad Lord,WSH,SP,MLB
Michael Lorenzen,COL,SP,MLB
Jonathan India,KC,2B,MLB
Sal Stewart,CIN,1B,MLB
Jeff Hoffman,TOR,RP,MLB
Landen Roupp,SF,SP,MLB
Parker Messick,CLE,SP,MLB
Joey Ortiz,MIL,SS,MLB
Emilio Pagan,CIN,RP,MLB
Josh Lowe,LAA,OF,MLB
Colt Keith,DET,1B,MLB
Jac Caglianone,KC,1B,MLB
Chandler Simpson,TB,OF,MLB
Pete Fairbanks,MIA,RP,MLB
Matt Wallner,MIN,OF,MLB
Shane Bieber,TOR,SP,MLB
Grant Holmes,ATL,SP,MLB
Chase Meidroth,CWS,2B,MLB
Ryan Walker,SF,RP,MLB
Brooks Lee,MIN,2B,MLB
Logan Henderson,MIL,SP,MLB
Alejandro Kirk,TOR,C,MLB
Max Muncy,LAD,3B,MLB
Ryan Jeffers,MIN,C,MLB
Victor Scott,STL,OF,MLB
Josh Jung,TEX,3B,MLB
Brandon Marsh,PHI,OF,MLB
Nolan Gorman,STL,2B,MLB
Dennis Santana,PIT,RP,MLB
Aaron Civale,ATH,SP,MLB
Josh Smith,TEX,1B,MLB
Spencer Horwitz,PIT,1B,MLB
Abner Uribe,MIL,RP,MLB
Andrew Benintendi,CWS,OF,MLB
Cedric Mullins II,TB,OF,MLB
Harrison Bader,SF,OF,MLB
Evan Carter,TEX,OF,MLB
Parker Meadows,DET,OF,MLB
Grant Taylor,CWS,RP,MLB
Jordan Walker,STL,OF,MLB
Jorge Soler,LAA,OF,MLB
Anthony Kay,CWS,SP,MLB
Anthony Volpe,NYY,SS,MLB
Kyle Leahy,STL,RP,MLB
Griffin Jax,TB,RP,MLB
Jose Quintana,COL,SP,MLB
Trevor Megill,MIL,RP,MLB
Jared Triolo,PIT,1B,MLB
Chris Paddack,MIA,SP,MLB
J.T. Realmuto,PHI,C,MLB
Wenceel Perez,DET,OF,MLB
Gabriel Moreno,ARI,C,MLB
Mark Vientos,NYM,3B,MLB
Logan Allen,CLE,SP,MLB
Chase DeLauter,CLE,OF,MLB
Johan Oviedo,BOS,SP,MLB
Bryce Elder,ATL,SP,MLB
Robert Garcia,TEX,RP,MLB
Kyle Teel,CWS,C,MLB
Austin Hays,CWS,OF,MLB
Luis Morales,ATH,SP,MLB
Kenley Jansen,DET,RP,MLB
Gavin Sheets,SD,1B,MLB
Tommy Edman,LAD,2B,MLB
Trevor Larnach,MIN,OF,MLB
Giancarlo Stanton,NYY,OF,MLB
Austin Wells,NYY,C,MLB
Mike Yastrzemski,ATL,OF,MLB
Ke'Bryan Hayes,CIN,3B,MLB
Randy Vasquez,SD,SP,MLB
Ian Seymour,TB,SP,MLB
Spencer Steer,CIN,1B,MLB
Brayan Rocchio,CLE,2B,MLB
Francisco Alvarez,NYM,C,MLB
Brett Baty,NYM,2B,MLB
Jesus Sanchez,TOR,OF,MLB
Jake Meyers,HOU,OF,MLB
Ryan McMahon,NYY,3B,MLB
Edwin Uceta,TB,RP,MLB
Michael Soroka,ARI,SP,MLB
Seranthony Dominguez,CWS,RP,MLB
Isaac Collins,KC,OF,MLB
Bo Naylor,CLE,C,MLB
Connor Norby,MIA,3B,MLB
Samuel Basallo,BAL,C,MLB
Luis Gil,NYY,SP,MLB
Lane Thomas,KC,OF,MLB
Dylan Beavers,BAL,OF,MLB
Jacob Latz,TEX,SP,MLB
Lance McCullers Jr.,HOU,SP,MLB
Brady House,WSH,3B,MLB
Zach McKinstry,DET,3B,MLB
Joc Pederson,TEX,DH,MLB
Gavin Lux,TB,2B,MLB
Griffin Canning,SD,SP,MLB
Kumar Rocker,TEX,SP,MLB
Logan O'Hoppe,LAA,C,MLB
Chase Dollander,COL,SP,MLB
German Marquez,SD,SP,MLB
Dominic Canzone,SEA,OF,MLB
Riley O'Brien,STL,RP,MLB
Jake Irvin,WSH,SP,MLB
Pavin Smith,ARI,1B,MLB
Josiah Gray,WSH,SP,MLB
Tyler Stephenson,CIN,C,MLB
Taijuan Walker,PHI,SP,MLB
Tomoyuki Sugano,COL,SP,MLB
Marcelo Mayer,BOS,2B,MLB
Bryan Abreu,HOU,RP,MLB
Victor Vodnik,COL,RP,MLB
Andrew Painter,PHI,SP,MLB
Alek Thomas,ARI,OF,MLB
Clayton Beeter,WSH,RP,MLB
Cam Smith,HOU,OF,MLB
Tyler O'Neill,BAL,OF,MLB
Richard Fitts,STL,SP,MLB
Justin Steele,CHC,SP,MLB
Kyle Isbel,KC,OF,MLB
Luis Rengifo,MIL,2B,MLB
Christian Moore,LAA,2B,MLB
Patrick Bailey,SF,C,MLB
Garrett Cleavinger,TB,RP,MLB
Owen Caissie,MIA,OF,MLB
Mick Abel,MIN,SP,MLB
Dillon Dingler,DET,C,MLB
Gabriel Arias,CLE,2B,MLB
Robert Suarez,ATL,RP,MLB
JoJo Romero,STL,RP,MLB
Carter Jensen,KC,C,MLB
Jeremiah Estrada,SD,RP,MLB
CJ Kayfus,CLE,1B,MLB
Edgar Quero,CWS,C,MLB
Bryce Eldridge,SF,1B,MLB
Lenyn Sosa,CWS,1B,MLB
Carlos Narvaez,BOS,C,MLB
Jake McCarthy,COL,OF,MLB
Tyler Freeman,COL,2B,MLB
Carson Williams,TB,SS,MLB
Taylor Rogers,MIN,RP,MLB
Erick Fedde,CWS,SP,MLB
Kevin Ginkel,ARI,RP,MLB
Jose Caballero,NYY,2B,MLB
Ha-Seong Kim,ATL,2B,MLB
Lourdes Gurriel Jr.,ARI,OF,MLB
Nick Gonzales,PIT,2B,MLB
Edouard Julien,COL,1B,MLB
Will Vest,DET,RP,MLB
Luisangel Acuna,CWS,2B,MLB
Brooks Baldwin,CWS,2B,MLB
Garrett Whitlock,BOS,RP,MLB
Adrian Morejon,SD,RP,MLB
Spencer Arrighetti,HOU,SP,MLB
Luke Weaver,NYM,RP,MLB
Robert Stephenson,LAA,RP,MLB
Hunter Barco,PIT,SP,MLB
Jake Fraley,TB,OF,MLB
Miguel Andujar,SD,3B,MLB
Janson Junk,MIA,SP,MLB
Yoan Moncada,LAA,3B,MLB
Carson Kelly,CHC,C,MLB
Jose A. Ferrer,SEA,RP,MLB
Freddy Fermin,SD,C,MLB
Kutter Crawford,BOS,SP,MLB
Andrew Kittredge,BAL,RP,MLB
Phil Maton,CHC,RP,MLB
Justin Sterner,ATH,RP,MLB
Victor Robles,SEA,OF,MLB
George Valera,CLE,OF,MLB
Ryan Feltner,COL,SP,MLB
Tanner Scott,LAD,RP,MLB
Hunter Dobbins,STL,SP,MLB
Hogan Harris,ATH,RP,MLB
Alek Manoah,LAA,SP,MLB
Camilo Doval,NYY,RP,MLB
Robert Gasser,MIL,SP,MLB
Paul Goldschmidt,NYY,1B,MLB
Garrett Mitchell,MIL,OF,MLB
Christopher Morel,MIA,OF,MLB
Jordan Lawlar,ARI,3B,MLB
Zach Cole,HOU,OF,MLB
Cole Young,SEA,2B,MLB
Mike Vasil,CWS,SP,MLB
Nick Castellanos,SD,OF,MLB
Kyle Harrison,MIL,SP,MLB
Carlos Santana,ARI,1B,MLB
Matt Brash,SEA,RP,MLB
Caden Dana,LAA,SP,MLB
Nathan Lukes,TOR,OF,MLB
Kirby Yates,LAA,RP,MLB
Denzel Clarke,ATH,OF,MLB
JP Sears,SD,SP,MLB
Cole Sands,MIN,SP,MLB
Tony Santillan,CIN,RP,MLB
Jonathan Cannon,CWS,SP,MLB
Jordan Leasure,CWS,RP,MLB
Moises Ballesteros,CHC,C,MLB
Shawn Armstrong,CLE,RP,MLB
Mark Leiter Jr.,ATH,RP,MLB
Davis Schneider,TOR,2B,MLB
Matt Strahm,KC,RP,MLB
Alex Vesia,LAD,RP,MLB
Victor Caratini,MIN,C,MLB
Ryan Weiss,HOU,SP,MLB
Joe Boyle,TB,SP,MLB
Cole Henry,WSH,RP,MLB
Louis Varland,TOR,RP,MLB
Dylan Lee,ATL,RP,MLB
Heriberto Hernandez,MIA,OF,MLB
JJ Bleday,CIN,OF,MLB
Fernando Cruz,NYY,RP,MLB
Jimmy Herget,COL,RP,MLB
Austin Martin,MIN,2B,MLB
Hunter Gaddis,CLE,RP,MLB
Matt Svanson,STL,RP,MLB
Bryan Baker,TB,RP,MLB
Jared Koenig,MIL,RP,MLB
Luis Medina,ATH,SP,MLB
Tyler Holton,DET,SP,MLB
Calvin Faucher,MIA,RP,MLB
Justin Topa,MIN,RP,MLB
Keegan Akin,BAL,SP,MLB
Tyler Rogers,TOR,RP,MLB
Orion Kerkering,PHI,RP,MLB
Jose Alvarado,PHI,RP,MLB
Colin Rea,CHC,SP,MLB
Jose Urquidy,PIT,RP,MLB
Jake Bauers,MIL,1B,MLB
Aaron Ashby,MIL,RP,MLB
Troy Melton,DET,SP,MLB
Nasim Nunez,WSH,2B,MLB
Sean Murphy,ATL,C,MLB
Caleb Thielbar,CHC,RP,MLB
Bryan King,HOU,RP,MLB
Kyle Finnegan,DET,RP,MLB
Eduard Bazardo,SEA,RP,MLB
Danny Jansen,TEX,C,MLB
Lucas Erceg,KC,RP,MLB
Andrew Alvarez,WSH,SP,MLB
Gregory Soto,PIT,RP,MLB
Keibert Ruiz,WSH,C,MLB
Taylor Walls,TB,SS,MLB
Brad Keller,PHI,RP,MLB
Yimi Garcia,TOR,RP,MLB
Steven Okert,HOU,RP,MLB
Carmen Mlodzinski,PIT,SP,MLB
Ryan Thompson,ARI,RP,MLB
Kody Funderburk,MIN,RP,MLB
Graham Ashcraft,CIN,RP,MLB
Patrick Sandoval,BOS,SP,MLB
Tyler Wells,BAL,SP,MLB
Mauricio Dubon,ATL,2B,MLB
Jacob Young,WSH,OF,MLB
Max Muncy,ATH,2B,MLB
Juan Mejia,COL,RP,MLB
Gabe Speier,SEA,RP,MLB
Romy Gonzalez,BOS,1B,MLB
Javier Baez,DET,2B,MLB
Matt Shaw,CHC,3B,MLB
Jakob Junis,TEX,RP,MLB
Griffin Conine,MIA,OF,MLB
Paul Sewald,ARI,RP,MLB
Elvis Alvarado,ATH,RP,MLB
Spencer Bivens,SF,RP,MLB
Jake Mangum,PIT,OF,MLB
Erik Miller,SF,RP,MLB
Blake Treinen,LAD,RP,MLB
Ryan Zeferjahn,LAA,RP,MLB
Drew Anderson,DET,RP,MLB
Sean Newcomb,CWS,SP,MLB
Mason Montgomery,PIT,RP,MLB
Pedro Pages,STL,C,MLB
Isaac Mattson,PIT,RP,MLB
David Festa,MIN,SP,MLB
Cole Winn,TEX,RP,MLB
Brandon Sproat,MIL,SP,MLB
Greg Weissert,BOS,RP,MLB
Seth Halvorsen,COL,RP,MLB
Rhett Lowder,CIN,SP,MLB
Michael Massey,KC,2B,MLB
Hunter Harvey,CHC,RP,MLB
Drew Pomeranz,LAA,SP,MLB
Tyler Phillips,MIA,RP,MLB
Tyler Kinley,ATL,RP,MLB
Jose Butto,SF,SP,MLB
Stephen Kolek,KC,SP,MLB
Erik Sabrowski,CLE,RP,MLB
Chris Martin,TEX,RP,MLB
Pierce Johnson,CIN,RP,MLB
John Schreiber,KC,RP,MLB
Aaron Bummer,ATL,RP,MLB
PJ Poulin,WSH,RP,MLB
Graham Pauley,MIA,3B,MLB
Tobias Myers,NYM,SP,MLB
A.J. Minter,NYM,RP,MLB
Eric Lauer,TOR,SP,MLB
Brooks Raley,NYM,RP,MLB
Anthony Bender,MIA,RP,MLB
Cody Bradford,TEX,SP,MLB
Tanner Banks,PHI,RP,MLB
Kody Clemens,MIN,1B,MLB
Brock Burke,CIN,RP,MLB
Justin Slaten,BOS,RP,MLB
Paul Blackburn,NYY,SP,MLB
Angel Zerpa,MIL,RP,MLB
Tyler Alexander,TEX,SP,MLB
Ryne Stanek,STL,RP,MLB
Jonny DeLuca,TB,OF,MLB
Jordan Romano,LAA,RP,MLB
David Morgan,SD,RP,MLB
Joey Loperfido,HOU,OF,MLB
Jason Adam,SD,RP,MLB
Joey Bart,PIT,C,MLB
Liam Hicks,MIA,C,MLB
Vaughn Grissom,LAA,2B,MLB
Hoby Milner,CHC,RP,MLB
Ben Joyce,LAA,RP,MLB
Mason Englert,TB,RP,MLB
Sung-Mun Song,SD,2B,MLB
Julian Fernandez,WSH,RP,MLB
Yennier Cano,BAL,RP,MLB
Matt Festa,CLE,RP,MLB
Joel Peguero,SF,RP,MLB
Enyel De Los Santos,HOU,RP,MLB
Michael Kelly,ATH,RP,MLB
Scott Barlow,ATH,RP,MLB
J.T. Ginn,ATH,SP,MLB
Nick Mears,KC,RP,MLB
Emerson Hancock,SEA,SP,MLB
Tyrone Taylor,NYM,OF,MLB
Ryan Yarbrough,NYY,SP,MLB
Blaze Alexander,BAL,2B,MLB
Anthony Banda,MIN,RP,MLB
Kade Strowd,ARI,RP,MLB
Tommy Nance,TOR,RP,MLB
Ezequiel Duran,TEX,1B,MLB
Tim Hill,NYY,RP,MLB
Andrew Nardi,MIA,RP,MLB
Drey Jameson,ARI,RP,MLB
Ben Brown,CHC,SP,MLB
Luke Raley,SEA,1B,MLB
Brandon Eisert,CWS,SP,MLB
Angel Martinez,CLE,2B,MLB
Justin Lawrence,PIT,RP,MLB
Bailey Falter,KC,SP,MLB
Brendon Little,TOR,RP,MLB
Payton Tolle,BOS,SP,MLB
Javier Assad,CHC,SP,MLB
Wandy Peralta,SD,RP,MLB
Grant Anderson,MIL,RP,MLB
Alexis Diaz,TEX,RP,MLB
Dietrich Enns,BAL,SP,MLB
Luis Campusano,SD,C,MLB
Troy Johnston,COL,1B,MLB
Henry Davis,PIT,C,MLB
Nick Fortes,TB,C,MLB
Cade Gibson,MIA,RP,MLB
Brent Suter,LAA,SP,MLB
Jake Bird,NYY,RP,MLB
Thomas Saggese,STL,2B,MLB
Caleb Ferguson,CIN,RP,MLB
Connelly Early,BOS,SP,MLB
Jordan Hicks,CWS,SP,MLB
Braydon Fisher,TOR,RP,MLB
Jack Dreyer,LAD,SP,MLB
Colby Thomas,ATH,OF,MLB
Miguel Amaya,CHC,C,MLB
Luis Garcia,NYM,RP,MLB
Kyle Higashioka,TEX,C,MLB
Jasson Dominguez,NYY,OF,MLB
Brant Hurter,DET,SP,MLB
Will Benson,CIN,OF,MLB
Trevor McDonald,SF,SP,MLB
Bennett Sousa,HOU,RP,MLB
Ramon Urias,STL,2B,MLB
Yuki Matsui,SD,RP,MLB
Harry Ford,WSH,C,MLB
Jackson Rutledge,WSH,SP,MLB
Eric Orze,MIN,RP,MLB
Andres Chaparro,WSH,1B,MLB
Keider Montero,DET,SP,MLB
Jose Tena,WSH,2B,MLB
Brenan Hanifee,DET,RP,MLB
Ben Casparius,LAD,SP,MLB
Tyler Austin,CHC,1B,MLB
Edmundo Sosa,PHI,2B,MLB
Gordon Graceffo,STL,RP,MLB
Jovani Moran,BOS,RP,MLB
Daniel Lynch,KC,RP,MLB
Jonathan Bowlan,PHI,RP,MLB
Travis Adams,MIN,SP,MLB
Connor Phillips,CIN,RP,MLB
Tim Herrin,CLE,RP,MLB
Yohan Ramirez,PIT,RP,MLB
Otto Kemp,PHI,1B,MLB
Hayden Birdsong,SF,SP,MLB
Brennan Bernardino,COL,SP,MLB
Zack Kelly,BOS,SP,MLB
Taylor Clarke,ARI,RP,MLB
Jhostynxon Garcia,PIT,OF,MLB
Huascar Brazoban,NYM,SP,MLB
Javier Sanoja,MIA,2B,MLB
Rob Refsnyder,SEA,OF,MLB
Connor Prielipp,MIN,SP,MLB
Jacob Webb,CHC,RP,MLB
Carlos Vargas,SEA,RP,MLB
Mitchell Parker,WSH,SP,MLB
Matt Vierling,DET,OF,MLB
DL Hall,MIL,SP,MLB
Joel Payamps,ATL,RP,MLB
Ryan Bergert,KC,SP,MLB
David Hamilton,MIL,2B,MLB
Justin Wrobleski,LAD,RP,MLB
Casey Legumina,SEA,RP,MLB
Lake Bachar,MIA,RP,MLB
Antonio Senzatela,COL,SP,MLB
Jose Fermin,LAA,RP,MLB
Porter Hodge,CHC,RP,MLB
Dane Myers,CIN,OF,MLB
Jose Trevino,CIN,C,MLB
Rico Garcia,BAL,RP,MLB
Cole Sulser,TB,RP,MLB
Ian Hamilton,ATL,RP,MLB
Jose Fermin,STL,2B,MLB
Jeremiah Jackson,BAL,3B,MLB
Yoendrys Gomez,TB,SP,MLB
Griff McGarry,WSH,SP,MLB
Justin Bruihl,STL,RP,MLB
Matt Gage,SF,RP,MLB
Kyle Karros,COL,3B,MLB
Amed Rosario,NYY,2B,MLB
Casey Schmitt,SF,1B,MLB
Robert Hassell III,WSH,OF,MLB
Jaden Hill,COL,RP,MLB
Sam Haggerty,TEX,OF,MLB
Masataka Yoshida,BOS,OF,MLB
David Fry,CLE,DH,MLB
Nate Pearson,HOU,RP,MLB
Hunter Feduccia,TB,C,MLB
Jordan Montgomery,TEX,SP,MLB
Matt Pushard,STL,RP,MLB
Steven Wilson,TB,RP,MLB
Blake Perkins,MIL,OF,MLB
Brent Headrick,NYY,RP,MLB
Chase Silseth,LAA,RP,MLB
Alex Lange,KC,RP,MLB
Connor Brogdon,CLE,RP,MLB
Brusdar Graterol,LAD,RP,MLB
Will Klein,LAD,RP,MLB
Joey Wentz,ATL,SP,MLB
Ryan Gusto,MIA,SP,MLB
Sam Hentges,SF,RP,MLB
Josh White,MIA,RP,MLB
Joe Mack,MIA,C,MLB
Daniel Schneemann,CLE,2B,MLB
James Outman,MIN,OF,MLB
Ryan Watson,BOS,SP,MLB
Evan Sisk,PIT,RP,MLB
Ryan Ritter,COL,2B,MLB
Rob Zastryzny,MIL,RP,MLB
Tanner Gordon,COL,SP,MLB
Connor Wong,BOS,C,MLB
Brandyn Garcia,ARI,RP,MLB
Braxton Fulford,COL,C,MLB
Brady Basso,ATH,RP,MLB
Ryan Mountcastle,BAL,1B,MLB
Ryan Fernandez,STL,RP,MLB
Luis Torrens,NYM,C,MLB
Roddery Munoz,HOU,RP,MLB
Jason Alexander,HOU,SP,MLB
Dalton Rushing,LAD,C,MLB
Kevin Kelly,TB,RP,MLB
Eduarniel Nunez,ATH,RP,MLB
JT Brubaker,SF,RP,MLB
Justyn-Henry Malloy,TB,OF,MLB
Everson Pereira,CWS,OF,MLB
Triston Casas,BOS,1B,MLB
Cooper Criswell,SEA,RP,MLB
Jordan Wicks,CHC,SP,MLB
Richard Lovelady,WSH,RP,MLB
Zach Maxwell,CIN,RP,MLB
Tyler Ferguson,ATH,RP,MLB
RJ Petit,COL,RP,MLB
Carter Baumler,TEX,SP,MLB
Peyton Pallette,CLE,RP,MLB
Travis d'Arnaud,LAA,C,MLB
Drew Thorpe,CWS,SP,MLB
Blaine Crim,COL,1B,MLB
Bryce Teodosio,LAA,OF,MLB
Tyler Locklear,ARI,1B,MLB
Abimelec Ortiz,WSH,1B,MLB
John King,MIA,RP,MLB
Mason Fluharty,TOR,RP,MLB
Wikelman Gonzalez,CWS,SP,MLB
Hunter Bigge,TB,RP,MLB
Adrian Del Castillo,ARI,C,MLB
AJ Blubaugh,HOU,SP,MLB
Richie Palacios,TB,OF,MLB
Zach Agnos,COL,RP,MLB
Steven Cruz,KC,RP,MLB
Dylan Dodd,ATL,RP,MLB
Gus Varland,WSH,RP,MLB
Beau Brieske,DET,RP,MLB
Kyle Nicolas,PIT,RP,MLB
George Soriano,STL,RP,MLB
Bryan Hudson,NYM,RP,MLB
Miguel Rojas,LAD,2B,MLB
Andy Ibanez,ATH,2B,MLB
Oswald Peraza,LAA,1B,MLB
Zach McCambley,PHI,SP,MLB
Cody Freeman,TEX,2B,MLB
Brandon Williamson,CIN,SP,MLB
Ben Williamson,TB,3B,MLB
Jake Rogers,DET,C,MLB
Zach Pop,PHI,RP,MLB
Isiah Kiner-Falefa,BOS,2B,MLB
Johnathan Rodriguez,CLE,OF,MLB
Paxton Schultz,WSH,RP,MLB
Bradgley Rodriguez,SD,RP,MLB
Ron Marinaccio,SD,RP,MLB
Colin Holderman,CLE,RP,MLB
Alan Roden,MIN,OF,MLB
Hyeseong Kim,LAD,2B,MLB
Darell Hernaiz,ATH,2B,MLB
Colton Gordon,HOU,SP,MLB
Zack Gelof,ATH,2B,MLB
Austin Warren,NYM,RP,MLB
Johan Rojas,PHI,OF,MLB
Tim Tawa,ARI,1B,MLB
Brock Stewart,LAD,RP,MLB
Troy Taylor,SEA,RP,MLB
Nathan Church,STL,OF,MLB
Myles Straw,TOR,OF,MLB
Alex Call,LAD,OF,MLB
Drew Gilbert,SF,OF,MLB
Yaramil Hiraldo,BAL,RP,MLB
Coby Mayo,BAL,1B,MLB
Sam Moll,CIN,RP,MLB
Daysbel Hernandez,ATL,RP,MLB
James McCann,ARI,C,MLB
Andrew Hoffmann,ARI,RP,MLB
Craig Yoho,MIL,RP,MLB
Edgardo Henriquez,LAD,RP,MLB
Chase Petty,CIN,SP,MLB
John Klein,MIN,SP,MLB
Andre Granillo,WSH,RP,MLB
Christian Scott,NYM,SP,MLB
Grant Wolfram,BAL,RP,MLB
Hayden Harris,ATL,RP,MLB
Ethan Roberts,CHC,RP,MLB
